original_commit	rewritten_commit
00c6ab031b640a3ec9d95f06df3619a0357aa3c9	4993ff2b1f7be128a0a23a073f2d09df1bf42d9a
01eb19b901bc0d194148f9da184bd40236078873	c08e04ec0022757927a10beec07f748d42d3ea95
0220f2a54b4c362214818e0a47126dda67ff1e4c	e1d4bd378ac333f3040f289ead9781017a11791f
024c6c578c08b867e2c9d068284c2e9cd0ed6e9c	e76ace6ba0fd97c702fecc6cd8101b6fa11117f9
02ed79f4389da840debf43b05265aacced177234	77b236903c888b092d7b2a19526d91996216b159
06df59da438fdf0cd70a2b0633e0473f8cc606b4	ccfde043f7789364ff82b870a4567cf2a6783e8c
077a4d35dfb6a5eac2f7da2e2c9d61a706e17a5a	b063be513e429894234e576af960da22bcab048e
083b0a8c707bbb0e749c8b7ea72e6f8e432448cf	af6ff97d6e3e1bf1ae6f00c0d272cb06aa0136a2
08b95707f86596e378f7d3b76c17369841088722	aed29d879429b6c9d3b2d0d7f1ed3143357d60f2
0b3792d181da56aaf39bf57d14c3cc63bcb1c6f6	6632ba1f846b35617353292ad2770ace45cf55e2
0ba1a3ab15d5038edf6619db82cb0127fbece4e8	0ce7098db97a971605ae922c13beeeb1648962c4
0c7e489ee2f1d03911734e2b7401d2d2f5816a50	c4f89bc0136bce3f8a54c3d3e60cbd780243dd2a
0e449ff80ac10513d5b2f5b404dc086dd5acf550	e788acca5e823b65663bd5a25ed0e869574fd817
123367b2164b7ad99d500b8bbbcd9e517b6309b5	2f0e855c8d3115665e3bfb53c582ad0d4f2b8c81
145efa2cc46891bf77f69ddb1c5116a119faa26f	1e630540364698054a82d84037a5c4b0423f6063
16d87db6ded008f3ad7dbee7c497b1383af210c5	8740844c968cc43a478bc7ee98569aff55c923c9
18331bae1681f2603b62d71a95c4e65bc97612e9	a5045f8674b48e65f11fd0a377942f6079359d5d
1a3cadd74d40c20fc3b071686513aea924faf8df	343a2f8197a02051d6c32cf975759d498b3dfab5
1b95ab0b7606eec2d3dbbe8ac79410fc7857b17e	a84c1a7929e57705f71a2d9289219bf75b161c6a
1e975daec5fb2d8eacc30d9f45c1bfa5333b1e47	a8cb46831480717429b875e123a5daa0d1646e19
1f45fec3c407eb572d7750b9112cb6d57322be88	3c86fe6bd7a0f0a317e83474cde25c3f71bda547
1fe914c4b8bb5fa6f3895b5517998f6e74683d1c	231d1ab354088ce696089aea99f8296e89efb1e7
2125077b3189dd61d36f393b936b66cb7b9552a4	b83ef3dec220003386ed0c99764c1cf4c38a9932
2701a708d4dc398f22d8f7c21ab970b98946c261	fe56aa519797ad969431066ddfed4345836f44d8
27ad4ced5ea42caaf986bc2ecf408b263a75fe2f	d5be9cf42cff95c65b17398a5f8a2631b1f362df
2a3b8c296a6278d8fe27c854a482cfeecba84091	8c8c8bd810b3fefa14c4b9368b24932b40d240da
2ab36c1084a1464771c7baaaa11062ccb00a918a	7cd7c042feef9f567d187087394fa36dba1a155e
2b345567cb14a00c8a2d6fa1189abc8ea1a33e29	ff4724ec1d77778b5b87c0eb88b73176a14f76aa
2d2f44a2649b7c74b2379bfe6b8da4e01cbeb7fb	6245310a4102dc4da13a27bbbd60d27be4c27f8d
2f5f1f70e1434607efbbf56807df1bfbc4997a13	f8d4fe919d6ee3fe34377947a50bfd8301d098dc
309423e36da81cc69b7530d71f9b36a08665449e	9de31c23ae97ceb49b5d8e5c7865e1d011aa1a8a
30c4e5174ee4a36b108255090a17f7ccb0eb94c2	98b0a02816f6e7d132dff71f44bc56ad081e962d
318329307738c28597c5e12234e2ef3eb37d210c	5c94bff34baf8da4c696f0f6e7f03a7799299b60
318b4ae1d6350c7fd1ef81dad00f746bfaf3e6fd	b12d2925a13215c8716718f5f14eb37110012e2e
31aa06b7249b5aa37bc3796d4a3345fbeecd82e2	356ed8e76551c7ed5dd9dd194316ff7328ab9e68
32b4bfa3a4ce60b05ed63813f43b174e049b803a	b9d2e4514d8da483182101283bc489bc7df07bf0
398c460cdafe31ec370d81cec7eddeba0f7ef0f6	398c460cdafe31ec370d81cec7eddeba0f7ef0f6
3b077e0ec92cbf6e6232afbc888a7e7461930c41	f48678076bc34166136a639e12b8c498e2a108c7
3cd02c2c910dd102a2809e1c1fc3fb519903e6f0	c9c3d15b656fab35b2d4acfa4f6e84a0373977a2
3d1423fb04cd88787b0005170ac638d5401edd10	1a60cdec319e22e72f03b818e604ad9bf9175a9e
3e71865847b4a16c24c61d1e5d81ca7d9635f4f9	6fe3953bb4f1d0f6238a065cb7d54130f7fc60c7
41cad95cac4eb36b762520b0788e6cad4b81fe8b	a173678963e1e66bca552e76055baf51d5c2338c
421a78c3133849386324210f76f79a2c51129be5	233c77d34293e15958ff2da5e835017a77487d6e
4530ca79e164f56c99edd42bac3b00e00d83c33f	91950f554636059618f56adeb4324fe519f3b82f
45b340f454b5ab67f1be79c75fa31588210c0405	dc943d79ae5f59e8394c2e83cbd95158364a0932
470c29dfc1f5ef2ad34f40945f141bd77bca4092	7c265e73b276d643f191ac34025091fed37c47f1
4c375a630832d5def009775d00ca98960c3158af	6fe01ad9f106b109f1e00a0353888a4c3122ec88
4e26817695f149591bbdb137cfe53cc4cd58c7ba	0ae4a3148498872df826bd9736edf70bae3cc714
4e4cb0c70cda6c1f34aaca47ab14002847415e9d	08d93e9852b73bbc0b81249011ab53120bc81e2e
500aa9ba0be5005b6877a859954303b070c3a608	4daf6b7c1adb737808e168b196eb1249dbd6d5f8
50201738afcda799bc6a8b0fecd86f7733238e32	65235cc00b51bb7492e972660dd6d6e1468dddd9
50ca9d736bb6691e6061236feaa7dd2b86e9b9b7	fcc505f4b1072934a25e4ebfb93d9b46577e4b3c
5165f6bf607fb17b55412a11097a3bfe089cb6bd	ba59b514ea229d3f43529d1d038d43efa2389ffb
51ffd7693642765299a2638c7a73b166ae720e2f	cea74e075f511f1ab64dcc9e40d1261f74975d80
560776f0cca6d0024d6cff5d17b735101e9fa290	2bb9aef8b027d579ecd09d7d38b73781efc53403
588affc96bb05cb301ee1806254c4d765c56e7c4	17b8e3d771290a0593954754998f788790645030
59aca8264763f2f4e0e06a5e5e7f85302c5bebfe	01b77acb11c406162786258c79c7e5df419c0287
5a854da98f7eb61c956648f6214cbcdadd74fe4c	8117666a5eb6c1ac69db9a0f04bd5004e1d1824e
5b1c6192b531e9a62c6b219144f94c193618d700	42eb148b0bcbe2a7171c8194b0a58b77f625619c
627ede69777292f052356cd6b3e200e72737ca6d	31cecc510ae6dcfe6918ffc1656d27a55855d6a5
62b5c63b5c51b171c1ded1af1505c095cfbea347	402a6c9643c09949e00c3be87a60c52f6178bc0f
66218b8244ff03000c3b77663c9ff69b6277b055	1bf422c873ef3dd6819860ed9e5f59eb608474e8
68b5a44668d3ce124b37285685bb6d74837172ec	08bea93b4e4c0b6ab74d5d557b49f1c2a4e44314
6baf76cab8997f4ad0e969ea92eb91d19b17d224	86440610c0af37070cec3c330047fc79c8e85910
6c481d51df68572dd06e847717961e58d2c5fb2d	925be21a17e05f65ecb5c3e27dfa12a610ad37c3
727fe700af097999b4d6aafb82e8e17bafcf471f	b7961319f781ce28ec3b030b4f8fc23c2e341feb
739ab911603e5367b5ce3c39a30fb9734ffa4432	ca982e9e3301c22b195d4c8ee2fa368ac16c990e
769e71c570fd105d416830b6470c850beaaf7a75	e1632ca986e0f410f5276e7038069eb56ba591b9
78300f66f9487b5b888bf8e88b68a95458939ea5	bac2a4e4d5fe1766591a5ef07f26ac1f177bd1ce
78467acbf9570d4e88eab78911ff0e5a65fad826	3342568156da1404bcd37be58776ed1fb8994f01
796805d3f968dcec61a3135278369b34eab32992	2b1725e95c44d07ea30cb6196cf6ed75282071c8
79ebff3858a82b60087bc86f1d000c40a8e61164	6cadf3ee35863f9c3f6bd9fe7398df8397780613
7bcd129fb78b00ad6ca5139e1b38894e36418a0e	3ccbda9b5a4abfa77c9382eff4b6b38e7f46a4ce
7c16684cdda726c17358b1ffef48d38e3ba9e007	f137938485ecd99c894079246e7ee9e21de43335
7cb9ee1b7fbb7844daf3bbe55f7971f09adb43bf	bf4ab9cdf3b1ae021d944e65a54f232c4b390ac9
8326a065d71a6569d2dd6c333fe2cb101284c369	a0d4157f33c53fb01049ccd02a0d2996e9de9e35
8405777571719bfc68f60fb4693d5d6fa9ad308d	65b73732a4781a894d273491b91d3fc99a2ef210
8416c7660369fa6b551992b1ca0196d97f5f9494	d7d50e67a05e0ad2dd1b6906db5ec860a6f5ac4a
85f2aead08472a0b11d52695194cd0593ff28d18	c20453ccd0d993db19a184812ddcce521856a370
8727bd39fd3a053da1cc4eea39d83c9501cb6986	8a0885487f9961179757aa17ea5d9d26d746f2a6
88a1eac641cdb49729306f1d51079605a541a0af	12b9844f72c0fe5f420e7b902935836b10b4af8d
90287c5772f427d1f7916ac75ea824c72299a99a	fba08e121b01e3b8d876d699a7be7ef1b7350ebc
9146d774cf4a182455c856256afaf08b8150652e	36b342a2afaeca1fc0ef7ca325b84e3cecd0ea4f
91d490bae22a7cc881ed4bac4ecea5b2c83648ba	496cb3e2f3de2f3e4d81920e3af38daf9ee5579c
93aab96c965a1f0c469b4b14091125427de52495	11f85028f697720db4b0e8d19eea190be4575d34
96614ae0eb572045c1193ac4ff69330e3ee35a66	be916c62106fd05d389bb65cd8a4393efb1ef189
9db6f26d477f71c93c32355a112388c7f61c2b06	7b5c3cc5b4891bab368490eb031f2e97e5317ffe
9ddea07b4aaa2d6b80b7a1f028df2fc3e027f3d0	64f9132b499cc10d7b05e510a013d177ba3392e3
9e83a74deac65878d15e5b958edff833d2444f65	22c95d323395794d415131f1c92dbd7e9cc81491
a41aaf25281b6aadfcce4417683a29e304f2491a	a41aaf25281b6aadfcce4417683a29e304f2491a
a4acd43bb182db849ffcb1cb2daa4b5bb0bcf610	0dc30f5e91aa2280c0e71998f3c916533545daca
a66a406977a4dcb1206ce646d4fc7de53a7e041d	b72c2dc3cb95c33b3b4ecdceaf6096112e78d605
a68bea920270c2b3fa3e6cefc464cd747791b38e	a68bea920270c2b3fa3e6cefc464cd747791b38e
a6b98483d2f9249ac8c1ee3c00904f1d6e701a96	35ce0bb78cabf4c2f6b7e6000a6d0c4dc923ac4c
a9325d1912614335a8e02637d238e40b6e2addb3	304f99f502add960117684c511f31ed215c70495
ad3bd6c46326533e53c11a475f0eee86036a8130	270946cfd94cf0e6ec9c36044fc93f4cc915eb6b
ade1ca84e017b491593a3bda537472bd0870cf1c	5af7a236f9055cd7a15891ec0066b5d39d5e98e6
aedfbcb12363d90ade22e4537513a38f7ed01fd8	21e87a6e26ac37c81305d53a2c4bb2ec4aaeace7
af056cde2ad3294c6744ff223629d0831f755505	2b2bedd9b89597f30e6445b2945af8ae969fd3e4
b175c66e7db4f371d0f35a2069697a94d4d3e92c	46e69164663f8c4e31daa168f9e2b66d6f460385
b206b1b0e88366790c8a2d1fd31e7caf4e11dea9	b9655a5839501e58c300d4eb935b36e8a3696f5a
b2c4c7cd052b36cf2c4b7c8552af3acc2aeb51ee	da083363bb34abe09b251dded13dd5a48c1d3e7a
b473ad27e9cbe77df6d28300d9ac84ae2d0f54ae	9acf29ba0ececf05e856a1ba25d97b2c99bb7f2e
b63137d91f972ed9cf34ad1a1e986c0558bb32de	7f84dda760ceb0efc45e11e3b1a92d6ba4bf494e
b6591c24be614382034ff6fb40f7e7ed1eb84c46	b7479f5c304a5939b3397f3373c95b51891f6906
b6939345612436f4b4fab4c0b4bd583f58923963	e810c2ab48656c7beb2e7ce725096923c31a2ab7
b74bbdecb25bf2a9c113b366d421cdbbfbe22bb9	06bd3718f0fa1a0fa38819fb8be8168cb02d0541
b9284bbb724b6eafedeff8356f136a1678fcad95	ddd089d77fb34d7e4b92ba952a83526a3e82fab4
babad9c529cbc3ce6eae6a4c254b47f97c5f0def	61e4ea1a84769e762056cc8ab2f098d4c177aaa7
bad75381b8bf2aef2336a9f115f059dbc59b3943	ba655fd5972ab815e4680b0650e799b49efd4822
bb33c671f46dc7d03fd6c828f3378ea9dbd24382	48543637857f9f0bcf1e73f8c97ba83fa71be86e
bc0b776b21814c9385270a051bbea3d9dcbaf6c2	efc72a24ef1c8cadbb86b9b4dfca1abaff730d16
beaac96c60aca3f7fd20466e3c84e1525e08c797	1290c0115dc158bea501435d9e63e1c44d84f2be
c086f61097544831e40d223fadeaf490124d5266	82b8d9d1fadc912d286089ff01beceda44b5ad4b
c78b0ce52e4485863da4f30e31ad539c5da44156	082eb473247fc16920c4deb1a243660ca6460b01
c8c562d1b1242e7a604b1ed0f9f04e805d82de13	7ca640568c3e674f6e5c7624f28e41476b984500
c959f39c55b044b6d708fc8bbb04d5c76934cce8	40f6d34b3b4ae0d616a1edd7070eddc9d0708d16
cc11df4f524082e14984b6e2ec50300ad469f13b	eabb42721322ae77d27dbf7bfbd64ff501476a0b
d0925e8d120ad024261174bb0f25cfac25caa7db	a1c1200b5f4a1057510dd8e487b6e0e76907b0f0
d0dabd36fcb6a078b13857773b21429b0bfc5bdc	5110ebbafc95865a1528ca21ba52300719d7c843
d1196ed82b6ddf11222b1ffa1bcc5a4488d243f1	d1196ed82b6ddf11222b1ffa1bcc5a4488d243f1
d1f8bae97b7ac0f3ef062988d5814a8c54d4e26f	0ab8832972d3ac5751950ea753ba6a5132958b3c
d2860e58c70ed935f6d1b26774ece8214cb68539	12586d4bb452d8e8ba0e5a98d43abb861faac991
d30fcb9aad1e91173b3e669ec37e4c6871d9ac0d	4cfec406acd50cd6dc07a2e5866b9fcb1e73a110
d3b8eda899208c315839694dd95b5c4681c1ae1c	eba25baec0120f3ffe8a18a938a505fe235720f5
d42e26a97ddd109675d2a29c4db806f2fe1840c2	49f9ea05408b11cb66c56c0051923d79c2816285
d4ee3553645095ae34e0d92904a9995800918632	f880c280403fcd63b49b6c64153356a501b19dc3
d562ea5032b13c3ed5aac58fc89dfaeaa9d2d91a	f1cdd1951a0c673cb4c7f48ee704b5251055234a
d864958bb595200cae9bb4b14064dcfcdef30b98	cecd81389a334c8dbcd8391b8c968531b86e9244
d8ff28f8a9c29df849e48309ece9541409fd5ef5	9496899ba2c42e7532d5b70e9493989d19876ce7
dae272c1990273bb5be1718c77b6e0b1f3bee2b7	3cbc017ee1228c7ecec4d28af0166b9e0ec118d4
db68e96fbfd00cf0061977fdad8434a4809dea84	e17bed1dd96dbae99a26d758e2fd2544c840a05f
dcb60c60ac8676a8a7e130954ce07f4bbf17e984	9681e58e7812dde9c373ce279e222679c8c37da2
dcf15a499c5737417015be125f3f961419d02c62	417e81483a2b9570d66b70cc38714fa6c99c4bb1
dd6f25b4c480d4db358e04e5ce2e65dea1ef3be8	3c69792421a4ff816dd29a2f228413a9ec600f5d
df7658f5eee9be403af5cf7f7fe4233a7540478a	4558fb8e415e7c9fb87c797a645d6f6f7274a4ed
e676d480fb3da16f59442f8838569225216706cc	a0b7d1f606bbb4519dfc7845f823ab094971c8fd
e9463b4fa10f0d542b078a1ec5fff5c5792c0016	5d81fb4cf0fe02b20f1c4304c9ef7aa8ee8cbdac
eccc11ad6956e728706502980999f6df7ee6141c	1d39a73c006e2e2b33a9b9b24b2cd376a7e9ac15
edc95d8e695205d1761b6578cb4e65af539196c1	cd8ce463f63aea22486cad6894746673a87d2061
ee1450d75d5118367ea13ce9ad6d5197a7335a14	7e533e01f36475444224b9e3de9cef84299514e3
f1518b8840e3892481ff5d96cc4df05c3cfea6bc	2f3fa63e787573fe1e190ca197045cd13d6251ce
f624d7e0b8a47b69fcd641fbbff2005ea68f8af2	f624d7e0b8a47b69fcd641fbbff2005ea68f8af2
f6dd002119f7f62831f7b00c029e3548229acd6f	3599446d43c97cd78b2b54eea452220c571b53c5
f88087da6c16b5a5668945abe517479b5ce36824	3455190c4f579f6874c69d0da8831341f48c3af8
f8d21c78c44be7995365c7d55db2b136a7a4ab34	2ad09c256290f2d2095a1b603a356a29ebaad9e9
fb9cbc2ca6e1b4ce2a2e1cc5b230a584e6fa18cc	4e7ee5b14e67a773a16b886aec6f52bbdd9c47f0
fcd5e09a98287a11250b6df6885a72fd8f89b58f	e03b137d3c8056c4b24322129400d3703ea84522
fced809e4e08bc1bb510cc559df6ecd1f2ab4cb0	579697f762d2015bfda54a71ccb4175597dd1308
fcff46e9477a8e9a35d830c989fbd5967e0d83bd	36aab93346709c4630d59f72bf4202178e9dcc2d
fdda96b55b1303ed4ea57f6f0103a1f943e8eb7c	2cc830d8dbe4468fcfb1c2c387098ffa989077e0
ffa7e7773312d8ec324e8ab224cdf1475a8de187	4825146ca3680bf3a72a8a3cab409fbac7a98d2c
